{"graph_0": {"_type": "graph-file", "sha256": "75f0f2dab95d0ac8f5209e3676dd8dd601ec6a0e47f2e50b2310e04861bbf48a", "size": 8378, "path": "media/graph/graph_0_summary_75f0f2dab95d0ac8f520.graph.json"}, "train_loss": 2.310616970062256, "train_accuracy": 0.5147058963775635, "epoch": 4, "trainer/global_step": 9, "_timestamp": 1674145406.585224, "_runtime": 213.40912199020386, "_step": 14, "val_loss": 4.105501174926758, "val_accuracy": 0.19607843458652496, "_wandb": {"runtime": 213}}